<?xml version="1.0" encoding="utf-8" ?>
		<hibernate-mapping xmlns="urn:nhibernate-mapping-2.2"
		                   assembly="EjemploDSMGenNHibernate"
		                   namespace="EjemploDSMGenNHibernate.EN.EjemploDSM">
		    
		    
			
				<class name="ArticuloEN" table="Articulo"> 
				  	
						<id name="Id" column="idArticulo" type="integer"> 
							<generator class="identity"/>
						</id>
			
					
					<property name="Descripcion" type="string"> 
						<column name="descripcion"  not-null="true"/>
					</property>
					<property name="Precio" type="double"> 
						<column name="precio"  not-null="true"/>
					</property>
					<property name="Url" type="string"> 
						<column name="url"  not-null="true"/>
					</property>
					<property name="Nombre" type="string"> 
						<column name="nombre"  not-null="true"/>
					</property>
			
			
			
		  			
						<bag name="LineaPedido" >
							<key>
							
								
								<column name="FK_idArticulo_idArticulo"/>
					      	</key>
							<one-to-many class="EjemploDSMGenNHibernate.EN.EjemploDSM.LineaPedidoEN"/>
					    </bag>
					
			
			
			
		  			
						<many-to-one name="Categoria" class="EjemploDSMGenNHibernate.EN.EjemploDSM.CategoriaEN" >	
								<column name="FK_idCategoria_idCategoria"/> 
						</many-to-one>
											 					
			
			
					
					
					
					
					
					
					
		
		 </class>	
		  
		  <query name="ArticuloENReadAllHQL">from ArticuloEN</query>
		  <query name="ArticuloENdameArticulosPorCatHQL"><![CDATA[FROM ArticuloEN art where art.Categoria.Id = :p_categoria]]></query>
		</hibernate-mapping>
	