<?xml version="1.0" encoding="utf-8" ?>
		<hibernate-mapping xmlns="urn:nhibernate-mapping-2.2"
		                   assembly="EjemploDSMGenNHibernate"
		                   namespace="EjemploDSMGenNHibernate.EN.EjemploDSM">
		    
		    
			
				<class name="CategoriaEN" table="Categoria"> 
				  	
						<id name="Id" column="idCategoria" type="integer"> 
							<generator class="identity"/>
						</id>
			
					
					<property name="Nombre" type="string"> 
						<column name="nombre"  not-null="true"/>
					</property>
					<property name="Url" type="string"> 
						<column name="url"  not-null="true"/>
					</property>
			
			
			
		  			
						<bag name="Articulo" >
							<key>
							
								
								<column name="FK_idCategoria_idCategoria"/>
					      	</key>
							<one-to-many class="EjemploDSMGenNHibernate.EN.EjemploDSM.ArticuloEN"/>
					    </bag>
					
			
			
					
					
					
					
		
		 </class>	
		  
		  <query name="CategoriaENReadAllHQL">from CategoriaEN</query>
		</hibernate-mapping>
	