<?xml version="1.0" encoding="utf-8" ?>
		<hibernate-mapping xmlns="urn:nhibernate-mapping-2.2"
		                   assembly="EjemploDSMGenNHibernate"
		                   namespace="EjemploDSMGenNHibernate.EN.EjemploDSM">
		    
		    
			
				<class name="ClienteEN" table="Cliente"> 
						<id name="DNI" column="DNI"/> 
			
					
					<property name="Nombre" type="string"> 
						<column name="nombre"  not-null="true"/>
					</property>
					<property name="Apellidos" type="string"> 
						<column name="apellidos"  not-null="true"/>
					</property>
					<property name="Contrasenya" type="string"> 
						<column name="contrasenya"  not-null="true"/>
					</property>
			
			
			
			
		  			
						<bag name="Pedido" >
							<key>
							
								
								<column name="FK_DNI_idCliente"/>
					      	</key>
							<one-to-many class="EjemploDSMGenNHibernate.EN.EjemploDSM.PedidoEN"/>
					    </bag>
					
			
			
					
					
					
					
					
		
		 </class>	
		  
		  <query name="ClienteENReadAllHQL">from ClienteEN</query>
		</hibernate-mapping>
	