<?xml version="1.0" encoding="utf-8" ?>
		<hibernate-mapping xmlns="urn:nhibernate-mapping-2.2"
		                   assembly="EjemploDSMGenNHibernate"
		                   namespace="EjemploDSMGenNHibernate.EN.EjemploDSM">
		    
		    
			
				<class name="LineaPedidoEN" table="LineaPedido"> 
				  	
						<id name="Num" column="id" type="integer"> 
							<generator class="identity"/>
						</id>
			
					
					<property name="Cantidad" type="integer"> 
						<column name="cantidad"  not-null="true"/>
					</property>
			
			
			
		  			
						<many-to-one name="Pedido" class="EjemploDSMGenNHibernate.EN.EjemploDSM.PedidoEN" >	
								<column name="FK_idPedido_idPedido"/> 
						</many-to-one>
											 					
			
			
		  			
						<many-to-one name="Articulo" class="EjemploDSMGenNHibernate.EN.EjemploDSM.ArticuloEN" >	
								<column name="FK_idArticulo_idArticulo"/> 
						</many-to-one>
											 					
					
					
					
					
		
		 </class>	
		  
		  <query name="LineaPedidoENReadAllHQL">from LineaPedidoEN</query>
		</hibernate-mapping>
	