<?xml version="1.0" encoding="utf-8" ?>
		<hibernate-mapping xmlns="urn:nhibernate-mapping-2.2"
		                   assembly="EjemploDSMGenNHibernate"
		                   namespace="EjemploDSMGenNHibernate.EN.EjemploDSM">
		    
		    
			
				<class name="PedidoEN" table="Pedido"> 
				  	
						<id name="Id" column="idPedido" type="integer"> 
							<generator class="identity"/>
						</id>
			
					
					<property name="Descripcion" type="string"> 
						<column name="descripcion"  not-null="true"/>
					</property>
					<property name="Fecha" type="date"> 
						<column name="fecha"  not-null="true"/>
					</property>
			
			
			
			
			
		  			
						<many-to-one name="Cliente" class="EjemploDSMGenNHibernate.EN.EjemploDSM.ClienteEN" >	
								<column name="FK_DNI_idCliente"/> 
						</many-to-one>
											 					
			
		  			
						<bag name="LineaPedido" cascade="delete">
							<key>
							
								
								<column name="FK_idPedido_idPedido"/>
					      	</key>
							<one-to-many class="EjemploDSMGenNHibernate.EN.EjemploDSM.LineaPedidoEN"/>
					    </bag>
					
					
					
					
					
					
		
		 </class>	
		  
		  <query name="PedidoENReadAllHQL">from PedidoEN</query>
		</hibernate-mapping>
	